Iteration,fy_speed_1,fy_dir_x,fy_dir_y,drop_time,clock_value,Obscured_Duration
Evaluation,103.6163,0.9956142,0.0935541,0.8725,0.2591,4.574999999999925
Evaluation,125.75800908021631,-0.6331304202676724,0.7796910002727695,8.933382337608009,4.513744253250553,0.0
