Iteration,fy_speed_1,fy_dir_x,fy_dir_y,drop_time,clock_value,Obscured_Duration
Evaluation,103.6163,0.9956142,0.0935541,0.8725,0.2591,4.574999999999925
Evaluation,125.75800908021631,-0.6331304202676724,0.7796910002727695,8.933382337608009,4.513744253250553,0.0
Evaluation,76.9982441072602,-0.08150221606826547,0.3337086111390219,2.2144289052447244,6.543795882193645,0.0
Evaluation,73.94881053189702,0.4439975445336497,0.9385527090157504,0.11152573444701207,9.922894436983055,0.0
Evaluation,113.22370567394017,0.223306320976562,0.007066305219717408,0.4413238906129533,5.295269136558053,0.0
